Workbook
Name Slicer_Business_Unit: #N/A
Name Slicer_Country: #N/A
Name Slicer_Department: #N/A
Name Slicer_Department1: #N/A
Name Slicer_Gender: #N/A
Name Slicer_Item: #N/A
Name Slicer_Sales_Rep: #N/A
Name Slicer_State: #N/A

Sheet EMp Steps
B2: 1 - Extracted Data From Excel Workbook ( Raw Data )
B3: 2 - Transformation -
C4: a - Remove Errors
C5: b - Remove Blank Records
C6: c - Remove Duplicated Records
C7: d - Remove Blank/Null Values
C8: e - Identify PK if Not Add PK | F8: EmployeeID | G8: EMP-1
B9: 3 - Ask Questions Add Columns if Nec
C10: 1 - While adding a new Always Check Its Data type
C11: 2 - Added Age Group
C12: 3 - Total Salary
C13: 4 - Left Status

Sheet Sales Raw Data
A1: Date | B1: Item | C1: Sales Rep | D1: Quantity | E1: Price | F1: Commission | G1: State
A2: 43282 | B2: Printer | C2: John | D2: 6 | E2: 80 | F2: 0.01 | G2: Meghalaya
A3: 43282 | B3: White Board | C3: Mark | D3: 14 | E3: 40 | F3: 0.06 | G3: Uttar Pradesh
A4: 43282 | B4: Office Chair | C4: Mark | D4: 22 | E4: 230 | F4: 0.11 | G4: Maharashtra
A5: 43282 | B5: Office Chair | C5: John | D5: 8 | E5: 230 | F5: 0.03 | G5: Delhi
A6: 43282 | B6: Office Chair | C6: Laura | D6: 12 | E6: 230 | F6: 0.03 | G6: West Bengal
A7: 43282 | B7: Printer | C7: Stacey | D7: 19 | E7: 80 | F7: 0.02 | G7: Bihar
A8: 43282 | B8: Diary | C8: Bob | D8: 17 | E8: 16 | F8: 0.08 | G8: Goa
A9: 43282 | B9: Projector | C9: Stacey | D9: 7 | E9: 150 | F9: 0.05 | G9: Karnataka
A10: 43282 | B10: Projector | C10: Stacey | D10: 20 | E10: 150 | F10: 0.1 | G10: Gujarat
A11: 43282 | B11: Diary | C11: John | D11: 21 | E11: 16 | F11: 0.09 | G11: Jharkhand
A12: 43282 | B12: Office Chair | C12: Mark | D12: 7 | E12: 230 | F12: 0.01 | G12: Haryana
A13: 43283 | B13: Printer | C13: Stacey | D13: 7 | E13: 80 | F13: 0.07 | G13: Kerala
... A1304: 43312 | B1304: White Board | C1304: Laura | D1304: 13 | E1304: 40 | F1304: 0.02 | G1304: Delhi

Sheet sales main data
A1: Order ID | B1: Date | C1: Item | D1: Sales Rep | E1: Quantity | F1: Price | G1: Total sales | H1: Commission | I1: Total commisstion | J1: State
A2: Ord-1 | B2: 43282 | C2: Printer | D2: John | E2: 6 | F2: 80 | G2: 480 | H2: 0.01 | I2: 4.8 | J2: Meghalaya
A3: Ord-2 | B3: 43282 | C3: White Board | D3: Mark | E3: 14 | F3: 40 | G3: 560 | H3: 0.06 | I3: 33.6 | J3: Uttar Pradesh
A4: Ord-3 | B4: 43282 | C4: Office Chair | D4: Mark | E4: 22 | F4: 230 | G4: 5060 | H4: 0.11 | I4: 556.6 | J4: Maharashtra
A5: Ord-4 | B5: 43282 | C5: Office Chair | D5: John | E5: 8 | F5: 230 | G5: 1840 | H5: 0.03 | I5: 55.2 | J5: Delhi
A6: Ord-5 | B6: 43282 | C6: Office Chair | D6: Laura | E6: 12 | F6: 230 | G6: 2760 | H6: 0.03 | I6: 82.8 | J6: West Bengal
A7: Ord-6 | B7: 43282 | C7: Printer | D7: Stacey | E7: 19 | F7: 80 | G7: 1520 | H7: 0.02 | I7: 30.4 | J7: Bihar
A8: Ord-7 | B8: 43282 | C8: Diary | D8: Bob | E8: 17 | F8: 16 | G8: 272 | H8: 0.08 | I8: 21.76 | J8: Goa
A9: Ord-8 | B9: 43282 | C9: Projector | D9: Stacey | E9: 7 | F9: 150 | G9: 1050 | H9: 0.05 | I9: 52.5 | J9: Karnataka
A10: Ord-9 | B10: 43282 | C10: Projector | D10: Stacey | E10: 20 | F10: 150 | G10: 3000 | H10: 0.1 | I10: 300 | J10: Gujarat
A11: Ord-10 | B11: 43282 | C11: Diary | D11: John | E11: 21 | F11: 16 | G11: 336 | H11: 0.09 | I11: 30.24 | J11: Jharkhand
A12: Ord-11 | B12: 43282 | C12: Office Chair | D12: Mark | E12: 7 | F12: 230 | G12: 1610 | H12: 0.01 | I12: 16.1 | J12: Haryana
A13: Ord-12 | B13: 43283 | C13: Printer | D13: Stacey | E13: 7 | F13: 80 | G13: 560 | H13: 0.07 | I13: 39.2 | J13: Kerala
... A1301: Ord-1300 | B1301: 43312 | C1301: White Board | D1301: Laura | E1301: 13 | F1301: 40 | G1301: 520 | H1301: 0.02 | I1301: 10.4 | J1301: Delhi

Sheet Sheet1
F1: One Month Sales Report
B2: Count of Order ID | C2: Sum of Quantity | D2: Sum of Total sales | H2: Sum of Total commisstion | J2: Net sales | L2: Sum of State
B3: 1300 | C3: 16632 | D3: 1584826 | H3: 100157.04 | J3: =GETPIVOTDATA("Total sales ",$D$2)-GETPIVOTDATA("Total commisstion",$H$2) -> 1484669 | L3: =COUNTA(G47:G58) -> 12
H45: Row Labels | I45: Count of Order ID
B46: Row Labels | C46: Count of Order ID | G46: Row Labels | H46: Bihar | I46: 104 | M46: =H46 -> Bihar | N46: =I46 -> 104
B47: 43282 | C47: 39 | G47: Bihar | H47: Delhi | I47: 105 | M47: =H47 -> Delhi | N47: =I47 -> 105
B48: 43283 | C48: 33 | E48: Row Labels | F48: Sum of Quantity | G48: Delhi | H48: Goa | I48: 120 | M48: =H48 -> Goa | N48: =I48 -> 120
B49: 43284 | C49: 36 | E49: Diary | F49: 3071 | G49: Goa | H49: Gujarat | I49: 163 | M49: =H49 -> Gujarat | N49: =I49 -> 163
B50: 43285 | C50: 35 | E50: Office Chair | F50: 2648 | G50: Gujarat | H50: Haryana | I50: 68 | M50: =H50 -> Haryana | N50: =I50 -> 68
B51: 43286 | C51: 42 | E51: Printer | F51: 3819 | G51: Haryana | H51: Jharkhand | I51: 119 | J51: Row Labels | K51: Sum of Total sales | M51: =H51 -> Jharkhand | N51: =I51 -> 119
B52: 43287 | C52: 47 | E52: Projector | F52: 3067 | G52: Jharkhand | H52: Karnataka | I52: 119 | J52: Bob | K52: 306530 | M52: =H52 -> Karnataka | N52: =I52 -> 119
B53: 43288 | C53: 53 | E53: White Board | F53: 4027 | G53: Karnataka | H53: Kerala | I53: 68 | J53: John | K53: 319900 | M53: =H53 -> Kerala | N53: =I53 -> 68
B54: 43289 | C54: 50 | E54: Grand Total | F54: 16632 | G54: Kerala | H54: Maharashtra | I54: 150 | J54: Laura | K54: 307656 | M54: =H54 -> Maharashtra | N54: =I54 -> 150
B55: 43290 | C55: 38 | G55: Maharashtra | H55: Meghalaya | I55: 76 | J55: Mark | K55: 321258 | M55: =H55 -> Meghalaya | N55: =I55 -> 76
B56: 43291 | C56: 50 | E56: Row Labels | F56: Sum of Commission | G56: Meghalaya | H56: Uttar Pradesh | I56: 105 | J56: Stacey | K56: 329482 | M56: =H56 -> Uttar Pradesh | N56: =I56 -> 105
B57: 43292 | C57: 43 | E57: Bob | F57: 17.43 | G57: Uttar Pradesh | H57: West Bengal | I57: 103 | J57: Grand Total | K57: 1584826 | M57: =H57 -> West Bengal | N57: =I57 -> 103
B58: 43293 | C58: 30 | E58: John | F58: 17.18 | G58: West Bengal | H58: Grand Total | I58: 1300
B59: 43294 | C59: 48 | E59: Laura | F59: 14.38 | G59: Grand Total
B60: 43295 | C60: 46 | E60: Mark | F60: 14.87
B61: 43296 | C61: 45 | E61: Stacey | F61: 15.98
B62: 43297 | C62: 48 | E62: Grand Total | F62: 79.84
B63: 43298 | C63: 48
B64: 43299 | C64: 41
B65: 43300 | C65: 44
B66: 43301 | C66: 34
B67: 43302 | C67: 47
B68: 43303 | C68: 38
B69: 43304 | C69: 39
B70: 43305 | C70: 46
B71: 43306 | C71: 49
B72: 43307 | C72: 47
B73: 43308 | C73: 52
B74: 43309 | C74: 37
... B77: 43312 | C77: 25
B78: Grand Total | C78: 1300

Sheet Dashboard one month sales
B3: Total Order | E3: Total Commisstion | H3: One Month Sales report | P3: Net sales | S3: Total sales
B4: =Sheet1!$B$3 -> 1300 | E4: =Sheet1!$H$3 -> 100157.04 | P4: =Sheet1!$J$3 -> 1484669 | S4: =Sheet1!$D$3 -> 1584826

Sheet EMP RAW Data
A1: Job Title | B1: Department | C1: Business Unit | D1: Gender | E1: Age | F1: Hire Date | G1: Annual Salary | H1: Bonus % | I1: Country | J1: City | K1: Exit Date
A2: Sr. Manger | B2: IT | C2: Research & Development | D2: Female | E2: 55 | F2: 42468 | G2: 141604 | H2: 0.15 | I2: United States | J2: Seattle | K2: 44485
A3: Technical Architect | B3: IT | C3: Manufacturing | D3: Male | E3: 59 | F3: 35763 | G3: 99975 | H3: 0 | I3: China | J3: Chongqing
A4: Director | B4: Finance | C4: Speciality Products | D4: Female | E4: 50 | F4: 39016 | G4: 163099 | H4: 0.2 | I4: United States | J4: Chicago
A5: Computer Systems Manager | B5: IT | C5: Manufacturing | D5: Female | E5: 26 | F5: 43735 | G5: 84913 | H5: 0.07 | I5: United States | J5: Chicago
A6: Sr. Analyst | B6: Finance | C6: Manufacturing | D6: Male | E6: 55 | F6: 35023 | G6: 95409 | H6: 0 | I6: United States | J6: Phoenix
A7: Account Representative | B7: Sales | C7: Corporate | D7: Male | E7: 57 | F7: 42759 | G7: 50994 | H7: 0 | I7: China | J7: Chongqing
A8: Manager | B8: IT | C8: Corporate | D8: Female | E8: 27 | F8: 44013 | G8: 119746 | H8: 0.1 | I8: United States | J8: Phoenix
A9: Analyst | B9: Finance | C9: Manufacturing | D9: Male | E9: 25 | F9: 43967 | G9: 41336 | H9: 0 | I9: United States | J9: Miami | K9: 44336
A10: Manager | B10: Accounting | C10: Manufacturing | D10: Male | E10: 29 | F10: 43490 | G10: 113527 | H10: 0.06 | I10: United States | J10: Austin
A11: Sr. Analyst | B11: Finance | C11: Speciality Products | D11: Female | E11: 34 | F11: 43264 | G11: 77203 | H11: 0 | I11: United States | J11: Chicago
A12: Sr. Manger | B12: Human Resources | C12: Manufacturing | D12: Female | E12: 36 | F12: 39855 | G12: 157333 | H12: 0.15 | I12: United States | J12: Miami
A13: Controls Engineer | B13: Engineering | C13: Speciality Products | D13: Female | E13: 27 | F13: 44490 | G13: 109851 | H13: 0 | I13: United States | J13: Seattle
A14: Manager | B14: Human Resources | C14: Manufacturing | D14: Male | E14: 59 | F14: 36233 | G14: 105086 | H14: 0.09 | I14: United States | J14: Austin
A15: Sr. Manger | B15: Finance | C15: Research & Development | D15: Female | E15: 51 | F15: 44357 | G15: 146742 | H15: 0.1 | I15: China | J15: Shanghai
A16: Sr. Analyst | B16: Accounting | C16: Speciality Products | D16: Male | E16: 31 | F16: 43043 | G16: 97078 | H16: 0 | I16: United States | J16: Austin | K16: 43899
A17: Vice President | B17: Marketing | C17: Research & Development | D17: Female | E17: 41 | F17: 41346 | G17: 249270 | H17: 0.3 | I17: United States | J17: Seattle
A18: Director | B18: Finance | C18: Research & Development | D18: Female | E18: 65 | F18: 37319 | G18: 175837 | H18: 0.2 | I18: United States | J18: Phoenix
A19: Sr. Manger | B19: Marketing | C19: Speciality Products | D19: Female | E19: 64 | F19: 37956 | G19: 154828 | H19: 0.13 | I19: United States | J19: Seattle
A20: Director | B20: IT | C20: Corporate | D20: Male | E20: 64 | F20: 41581 | G20: 186503 | H20: 0.24 | I20: United States | J20: Columbus
A21: Director | B21: Sales | C21: Research & Development | D21: Male | E21: 45 | F21: 37446 | G21: 166331 | H21: 0.18 | I21: China | J21: Chongqing
A22: Sr. Manger | B22: IT | C22: Manufacturing | D22: Male | E22: 56 | F22: 40917 | G22: 146140 | H22: 0.1 | I22: Brazil | J22: Manaus
A23: Director | B23: Sales | C23: Manufacturing | D23: Female | E23: 36 | F23: 44288 | G23: 151703 | H23: 0.21 | I23: United States | J23: Miami
A24: Director | B24: IT | C24: Research & Development | D24: Male | E24: 59 | F24: 37400 | G24: 172787 | H24: 0.28 | I24: Brazil | J24: Rio de Janerio
A25: Analyst | B25: Sales | C25: Speciality Products | D25: Male | E25: 37 | F25: 43713 | G25: 49998 | H25: 0 | I25: United States | J25: Seattle
A26: Vice President | B26: Sales | C26: Speciality Products | D26: Male | E26: 44 | F26: 41700 | G26: 207172 | H26: 0.31 | I26: China | J26: Chongqing
A27: Director | B27: Human Resources | C27: Speciality Products | D27: Male | E27: 41 | F27: 42111 | G27: 152239 | H27: 0.23 | I27: United States | J27: Columbus
A28: Quality Engineer | B28: Engineering | C28: Corporate | D28: Female | E28: 56 | F28: 38388 | G28: 98581 | H28: 0 | I28: Brazil | J28: Rio de Janerio
... A41: Enterprise Architect | B41: IT | C41: Corporate | D41: Female | E41: 57 | F41: 34337 | G41: 82872 | H41: 0 | I41: Brazil | J41: Manaus
A42: Sr. Business Partner | B42: Human Resources | C42: Speciality Products | D42: Male | E42: 30 | F42: 42884 | G42: 86317 | H42: 0 | I42: China | J42: Chengdu | K42: 42932
A43: Manager | B43: Marketing | C43: Speciality Products | D43: Female | E43: 53 | F43: 41601 | G43: 113135 | H43: 0.05 | I43: United States | J43: Austin
A44: Vice President | B44: IT | C44: Speciality Products | D44: Male | E44: 52 | F44: 38664 | G44: 199808 | H44: 0.32 | I44: United States | J44: Seattle
A45: Account Representative | B45: Sales | C45: Speciality Products | D45: Male | E45: 37 | F45: 41592 | G45: 56037 | H45: 0 | I45: China | J45: Shanghai
A46: Sr. Manger | B46: Marketing | C46: Research & Development | D46: Female | E46: 29 | F46: 43609 | G46: 122350 | H46: 0.12 | I46: United States | J46: Phoenix
A47: Enterprise Architect | B47: IT | C47: Research & Development | D47: Male | E47: 40 | F47: 40486 | G47: 92952 | H47: 0 | I47: United States | J47: Seattle
A48: Computer Systems Manager | B48: IT | C48: Corporate | D48: Male | E48: 32 | F48: 41353 | G48: 79921 | H48: 0.05 | I48: United States | J48: Austin
A49: Director | B49: IT | C49: Research & Development | D49: Female | E49: 37 | F49: 40076 | G49: 167199 | H49: 0.2 | I49: United States | J49: Seattle
A50: Quality Engineer | B50: Engineering | C50: Research & Development | D50: Male | E50: 52 | F50: 41199 | G50: 71476 | H50: 0 | I50: United States | J50: Phoenix
A51: Director | B51: Engineering | C51: Manufacturing | D51: Female | E51: 45 | F51: 41941 | G51: 189420 | H51: 0.2 | I51: United States | J51: Seattle
A52: HRIS Analyst | B52: Human Resources | C52: Research & Development | D52: Female | E52: 64 | F52: 37184 | G52: 64057 | H52: 0 | I52: United States | J52: Phoenix
A53: Analyst II | B53: Marketing | C53: Manufacturing | D53: Female | E53: 27 | F53: 44460 | G53: 68728 | H53: 0 | I53: United States | J53: Phoenix
A54: Sr. Manger | B54: IT | C54: Manufacturing | D54: Female | E54: 25 | F54: 44379 | G54: 125633 | H54: 0.11 | I54: China | J54: Beijing
... A62: Sr. Manger | B62: IT | C62: Corporate | D62: Female | E62: 55 | F62: 38945 | G62: 159044 | H62: 0.1 | I62: Brazil | J62: Manaus
A63: Sr. Analyst | B63: Accounting | C63: Manufacturing | D63: Female | E63: 44 | F63: 43467 | G63: 74691 | H63: 0 | I63: Brazil | J63: Manaus | K63: 44020
A64: Engineering Manager | B64: Engineering | C64: Corporate | D64: Female | E64: 44 | F64: 39800 | G64: 92753 | H64: 0.13 | I64: United States | J64: Austin | K64: 44371
A65: Vice President | B65: Human Resources | C65: Speciality Products | D65: Male | E65: 45 | F65: 41493 | G65: 236946 | H65: 0.37 | I65: United States | J65: Seattle
A66: Analyst | B66: Finance | C66: Corporate | D66: Female | E66: 36 | F66: 44435 | G66: 48906 | H66: 0 | I66: United States | J66: Miami
A67: Sr. Analyst | B67: Sales | C67: Corporate | D67: Female | E67: 38 | F67: 39474 | G67: 80024 | H67: 0 | I67: United States | J67: Columbus
A68: HRIS Analyst | B68: Human Resources | C68: Speciality Products | D68: Female | E68: 41 | F68: 40109 | G68: 54415 | H68: 0 | I68: United States | J68: Seattle | K68: 41661
A69: Manager | B69: Marketing | C69: Research & Development | D69: Female | E69: 30 | F69: 42484 | G69: 120341 | H69: 0.07 | I69: United States | J69: Seattle
A70: Vice President | B70: IT | C70: Speciality Products | D70: Female | E70: 43 | F70: 40029 | G70: 208415 | H70: 0.35 | I70: United States | J70: Seattle
A71: Cloud Infrastructure Architect | B71: IT | C71: Speciality Products | D71: Female | E71: 32 | F71: 43835 | G71: 78844 | H71: 0 | I71: United States | J71: Seattle
A72: Field Engineer | B72: Engineering | C72: Manufacturing | D72: Male | E72: 58 | F72: 37399 | G72: 76354 | H72: 0 | I72: United States | J72: Phoenix | K72: 44465
A73: Director | B73: Finance | C73: Speciality Products | D73: Female | E73: 37 | F73: 43493 | G73: 165927 | H73: 0.2 | I73: United States | J73: Phoenix
A74: Manager | B74: Accounting | C74: Speciality Products | D74: Female | E74: 38 | F74: 44516 | G74: 109812 | H74: 0.09 | I74: Brazil | J74: Manaus
A75: Controls Engineer | B75: Engineering | C75: Corporate | D75: Male | E75: 55 | F75: 36041 | G75: 86299 | H75: 0 | I75: United States | J75: Seattle
A76: Vice President | B76: Marketing | C76: Research & Development | D76: Male | E76: 57 | F76: 37828 | G76: 206624 | H76: 0.4 | I76: Brazil | J76: Sao Paulo
A77: IT Coordinator | B77: IT | C77: Manufacturing | D77: Male | E77: 36 | F77: 40535 | G77: 53215 | H77: 0 | I77: Brazil | J77: Sao Paulo | K77: 41725
A78: Test Engineer | B78: Engineering | C78: Research & Development | D78: Female | E78: 30 | F78: 42877 | G78: 86858 | H78: 0 | I78: China | J78: Chongqing | K78: 43016
A79: Computer Systems Manager | B79: IT | C79: Manufacturing | D79: Male | E79: 40 | F79: 39265 | G79: 93971 | H79: 0.08 | I79: China | J79: Chongqing
A80: Analyst II | B80: Finance | C80: Corporate | D80: Male | E80: 34 | F80: 42182 | G80: 57008 | H80: 0 | I80: United States | J80: Phoenix
A81: Sr. Manger | B81: Finance | C81: Manufacturing | D81: Male | E81: 60 | F81: 42270 | G81: 141899 | H81: 0.15 | I81: United States | J81: Phoenix
A82: Analyst II | B82: Marketing | C82: Corporate | D82: Male | E82: 41 | F82: 42626 | G82: 64847 | H82: 0 | I82: United States | J82: Miami
A83: Engineering Manager | B83: Engineering | C83: Research & Development | D83: Male | E83: 53 | F83: 33702 | G83: 116878 | H83: 0.11 | I83: United States | J83: Miami
A84: Quality Engineer | B84: Engineering | C84: Speciality Products | D84: Male | E84: 45 | F84: 38388 | G84: 70505 | H84: 0 | I84: United States | J84: Austin
A85: Director | B85: Engineering | C85: Research & Development | D85: Female | E85: 30 | F85: 42512 | G85: 189702 | H85: 0.28 | I85: Brazil | J85: Manaus | K85: 44186
A86: Director | B86: Accounting | C86: Speciality Products | D86: Male | E86: 26 | F86: 44040 | G86: 180664 | H86: 0.27 | I86: United States | J86: Chicago
A87: Business Partner | B87: Human Resources | C87: Manufacturing | D87: Female | E87: 45 | F87: 37972 | G87: 48345 | H87: 0 | I87: China | J87: Chengdu
A88: Director | B88: Human Resources | C88: Manufacturing | D88: Male | E88: 42 | F88: 41655 | G88: 152214 | H88: 0.3 | I88: China | J88: Beijing
A89: Cloud Infrastructure Architect | B89: IT | C89: Corporate | D89: Female | E89: 41 | F89: 39931 | G89: 69803 | H89: 0 | I89: Brazil | J89: Manaus
A90: Network Architect | B90: IT | C90: Corporate | D90: Female | E90: 48 | F90: 43650 | G90: 76588 | H90: 0 | I90: Brazil | J90: Rio de Janerio
A91: Network Engineer | B91: IT | C91: Manufacturing | D91: Male | E91: 29 | F91: 43444 | G91: 84596 | H91: 0 | I91: United States | J91: Miami
A92: Manager | B92: Marketing | C92: Research & Development | D92: Male | E92: 27 | F92: 43368 | G92: 114441 | H92: 0.1 | I92: China | J92: Chongqing | K92: 43821
A93: Sr. Manger | B93: Finance | C93: Speciality Products | D93: Female | E93: 33 | F93: 43211 | G93: 140402 | H93: 0.15 | I93: China | J93: Beijing
A94: Analyst II | B94: Finance | C94: Corporate | D94: Female | E94: 26 | F94: 43578 | G94: 59817 | H94: 0 | I94: Brazil | J94: Sao Paulo
A95: Account Representative | B95: Sales | C95: Manufacturing | D95: Male | E95: 31 | F95: 42938 | G95: 55854 | H95: 0 | I95: United States | J95: Austin
A96: Sr. Business Partner | B96: Human Resources | C96: Research & Development | D96: Male | E96: 53 | F96: 37576 | G96: 95998 | H96: 0 | I96: United States | J96: Seattle
A97: Sr. Manger | B97: Sales | C97: Manufacturing | D97: Female | E97: 34 | F97: 42116 | G97: 154941 | H97: 0.13 | I97: United States | J97: Phoenix
A98: Vice President | B98: Finance | C98: Speciality Products | D98: Female | E98: 54 | F98: 40734 | G98: 247022 | H98: 0.3 | I98: China | J98: Beijing
A99: Network Architect | B99: IT | C99: Manufacturing | D99: Female | E99: 32 | F99: 44474 | G99: 88072 | H99: 0 | I99: Brazil | J99: Sao Paulo
A100: Computer Systems Manager | B100: IT | C100: Research & Development | D100: Male | E100: 28 | F100: 43977 | G100: 67925 | H100: 0.08 | I100: China | J100: Shanghai
A101: Vice President | B101: Sales | C101: Manufacturing | D101: Female | E101: 31 | F101: 44063 | G101: 219693 | H101: 0.3 | I101: United States | J101: Austin
A102: Test Engineer | B102: Engineering | C102: Research & Development | D102: Female | E102: 45 | F102: 41386 | G102: 61773 | H102: 0 | I102: United States | J102: Seattle
A103: Computer Systems Manager | B103: IT | C103: Speciality Products | D103: Female | E103: 48 | F103: 39091 | G103: 74546 | H103: 0.09 | I103: United States | J103: Seattle
A104: Development Engineer | B104: Engineering | C104: Speciality Products | D104: Male | E104: 56 | F104: 42031 | G104: 62575 | H104: 0 | I104: United States | J104: Miami
A105: Director | B105: Human Resources | C105: Corporate | D105: Female | E105: 27 | F105: 44250 | G105: 199041 | H105: 0.16 | I105: China | J105: Beijing
A106: Analyst II | B106: Accounting | C106: Speciality Products | D106: Male | E106: 55 | F106: 39177 | G106: 52310 | H106: 0 | I106: United States | J106: Miami | K106: 43385
A107: Sr. Manger | B107: Finance | C107: Speciality Products | D107: Male | E107: 64 | F107: 41454 | G107: 159571 | H107: 0.1 | I107: United States | J107: Columbus
A108: Field Engineer | B108: Engineering | C108: Research & Development | D108: Female | E108: 50 | F108: 35726 | G108: 91763 | H108: 0 | I108: United States | J108: Austin
A109: Development Engineer | B109: Engineering | C109: Corporate | D109: Female | E109: 51 | F109: 35055 | G109: 96475 | H109: 0 | I109: United States | J109: Austin
A110: Controls Engineer | B110: Engineering | C110: Manufacturing | D110: Male | E110: 36 | F110: 42706 | G110: 113781 | H110: 0 | I110: United States | J110: Columbus
A111: Director | B111: Finance | C111: Research & Development | D111: Male | E111: 42 | F111: 37636 | G111: 166599 | H111: 0.26 | I111: United States | J111: Seattle
A112: Sr. Account Representative | B112: Sales | C112: Corporate | D112: Female | E112: 41 | F112: 38398 | G112: 95372 | H112: 0 | I112: China | J112: Shanghai
A113: Director | B113: IT | C113: Research & Development | D113: Female | E113: 29 | F113: 44052 | G113: 161203 | H113: 0.15 | I113: China | J113: Chengdu
A114: System Administrator | B114: IT | C114: Manufacturing | D114: Female | E114: 44 | F114: 39064 | G114: 74738 | H114: 0 | I114: United States | J114: Miami
A115: Director | B115: Sales | C115: Research & Development | D115: Female | E115: 41 | F115: 43322 | G115: 171173 | H115: 0.21 | I115: United States | J115: Columbus
A116: Vice President | B116: Sales | C116: Corporate | D116: Male | E116: 61 | F116: 43732 | G116: 201464 | H116: 0.37 | I116: United States | J116: Chicago
A117: Director | B117: Human Resources | C117: Corporate | D117: Male | E117: 50 | F117: 35998 | G117: 174895 | H117: 0.15 | I117: United States | J117: Chicago
A118: Sr. Manger | B118: IT | C118: Manufacturing | D118: Female | E118: 49 | F118: 38825 | G118: 134486 | H118: 0.14 | I118: United States | J118: Austin
... A131: Vice President | B131: Finance | C131: Corporate | D131: Female | E131: 37 | F131: 40883 | G131: 225558 | H131: 0.33 | I131: China | J131: Shanghai
...

Sheet EMP Table1
A1: EMP ID | B1: Job Title | C1: Department | D1: Business Unit | E1: Gender | F1: Age | G1: Age under | H1: Hire Date | I1: Annual Salary | J1: Bonus % | K1: Total salary | L1: Country | M1: City | N1: Exit Date
A2: Emp-1 | B2: Sr. Manger | C2: IT | D2: Research & Development | E2: Female | F2: 55 | G2: 55-65 | H2: 42468 | I2: 141604 | J2: 0.15 | K2: 21240.6 | L2: United States | M2: Seattle | N2: 44485
A3: Emp-2 | B3: Technical Architect | C3: IT | D3: Manufacturing | E3: Male | F3: 59 | G3: 55-65 | H3: 35763 | I3: 99975 | J3: 0 | K3: 0 | L3: China | M3: Chongqing
A4: Emp-3 | B4: Director | C4: Finance | D4: Speciality Products | E4: Female | F4: 50 | G4: 45-55 | H4: 39016 | I4: 163099 | J4: 0.2 | K4: 32619.8 | L4: United States | M4: Chicago
A5: Emp-4 | B5: Computer Systems Manager | C5: IT | D5: Manufacturing | E5: Female | F5: 26 | G5: 25-35 | H5: 43735 | I5: 84913 | J5: 0.07 | K5: 5943.91 | L5: United States | M5: Chicago
A6: Emp-5 | B6: Sr. Analyst | C6: Finance | D6: Manufacturing | E6: Male | F6: 55 | G6: 55-65 | H6: 35023 | I6: 95409 | J6: 0 | K6: 0 | L6: United States | M6: Phoenix
A7: Emp-6 | B7: Account Representative | C7: Sales | D7: Corporate | E7: Male | F7: 57 | G7: 55-65 | H7: 42759 | I7: 50994 | J7: 0 | K7: 0 | L7: China | M7: Chongqing
A8: Emp-7 | B8: Manager | C8: IT | D8: Corporate | E8: Female | F8: 27 | G8: 25-35 | H8: 44013 | I8: 119746 | J8: 0.1 | K8: 11974.6 | L8: United States | M8: Phoenix
A9: Emp-8 | B9: Analyst | C9: Finance | D9: Manufacturing | E9: Male | F9: 25 | G9: 25-35 | H9: 43967 | I9: 41336 | J9: 0 | K9: 0 | L9: United States | M9: Miami | N9: 44336
A10: Emp-9 | B10: Manager | C10: Accounting | D10: Manufacturing | E10: Male | F10: 29 | G10: 25-35 | H10: 43490 | I10: 113527 | J10: 0.06 | K10: 6811.62 | L10: United States | M10: Austin
A11: Emp-10 | B11: Sr. Analyst | C11: Finance | D11: Speciality Products | E11: Female | F11: 34 | G11: 25-35 | H11: 43264 | I11: 77203 | J11: 0 | K11: 0 | L11: United States | M11: Chicago
A12: Emp-11 | B12: Sr. Manger | C12: Human Resources | D12: Manufacturing | E12: Female | F12: 36 | G12: 35-45 | H12: 39855 | I12: 157333 | J12: 0.15 | K12: 23599.95 | L12: United States | M12: Miami
A13: Emp-12 | B13: Controls Engineer | C13: Engineering | D13: Speciality Products | E13: Female | F13: 27 | G13: 25-35 | H13: 44490 | I13: 109851 | J13: 0 | K13: 0 | L13: United States | M13: Seattle
A14: Emp-13 | B14: Manager | C14: Human Resources | D14: Manufacturing | E14: Male | F14: 59 | G14: 55-65 | H14: 36233 | I14: 105086 | J14: 0.09 | K14: 9457.74 | L14: United States | M14: Austin
A15: Emp-14 | B15: Sr. Manger | C15: Finance | D15: Research & Development | E15: Female | F15: 51 | G15: 45-55 | H15: 44357 | I15: 146742 | J15: 0.1 | K15: 14674.2 | L15: China | M15: Shanghai
A16: Emp-15 | B16: Sr. Analyst | C16: Accounting | D16: Speciality Products | E16: Male | F16: 31 | G16: 25-35 | H16: 43043 | I16: 97078 | J16: 0 | K16: 0 | L16: United States | M16: Austin | N16: 43899
A17: Emp-16 | B17: Vice President | C17: Marketing | D17: Research & Development | E17: Female | F17: 41 | G17: 35-45 | H17: 41346 | I17: 249270 | J17: 0.3 | K17: 74781 | L17: United States | M17: Seattle
A18: Emp-17 | B18: Director | C18: Finance | D18: Research & Development | E18: Female | F18: 65 | G18: 65-75 | H18: 37319 | I18: 175837 | J18: 0.2 | K18: 35167.4 | L18: United States | M18: Phoenix
A19: Emp-18 | B19: Sr. Manger | C19: Marketing | D19: Speciality Products | E19: Female | F19: 64 | G19: 55-65 | H19: 37956 | I19: 154828 | J19: 0.13 | K19: 20127.64 | L19: United States | M19: Seattle
A20: Emp-19 | B20: Director | C20: IT | D20: Corporate | E20: Male | F20: 64 | G20: 55-65 | H20: 41581 | I20: 186503 | J20: 0.24 | K20: 44760.72 | L20: United States | M20: Columbus
A21: Emp-20 | B21: Director | C21: Sales | D21: Research & Development | E21: Male | F21: 45 | G21: 45-55 | H21: 37446 | I21: 166331 | J21: 0.18 | K21: 29939.58 | L21: China | M21: Chongqing
A22: Emp-21 | B22: Sr. Manger | C22: IT | D22: Manufacturing | E22: Male | F22: 56 | G22: 55-65 | H22: 40917 | I22: 146140 | J22: 0.1 | K22: 14614 | L22: Brazil | M22: Manaus
A23: Emp-22 | B23: Director | C23: Sales | D23: Manufacturing | E23: Female | F23: 36 | G23: 35-45 | H23: 44288 | I23: 151703 | J23: 0.21 | K23: 31857.63 | L23: United States | M23: Miami
A24: Emp-23 | B24: Director | C24: IT | D24: Research & Development | E24: Male | F24: 59 | G24: 55-65 | H24: 37400 | I24: 172787 | J24: 0.28 | K24: 48380.36 | L24: Brazil | M24: Rio de Janerio
A25: Emp-24 | B25: Analyst | C25: Sales | D25: Speciality Products | E25: Male | F25: 37 | G25: 35-45 | H25: 43713 | I25: 49998 | J25: 0 | K25: 0 | L25: United States | M25: Seattle
A26: Emp-25 | B26: Vice President | C26: Sales | D26: Speciality Products | E26: Male | F26: 44 | G26: 35-45 | H26: 41700 | I26: 207172 | J26: 0.31 | K26: 64223.32 | L26: China | M26: Chongqing
A27: Emp-26 | B27: Director | C27: Human Resources | D27: Speciality Products | E27: Male | F27: 41 | G27: 35-45 | H27: 42111 | I27: 152239 | J27: 0.23 | K27: 35014.97 | L27: United States | M27: Columbus
A28: Emp-27 | B28: Quality Engineer | C28: Engineering | D28: Corporate | E28: Female | F28: 56 | G28: 55-65 | H28: 38388 | I28: 98581 | J28: 0 | K28: 0 | L28: Brazil | M28: Rio de Janerio
... A41: Emp-40 | B41: Enterprise Architect | C41: IT | D41: Corporate | E41: Female | F41: 57 | G41: 55-65 | H41: 34337 | I41: 82872 | J41: 0 | K41: 0 | L41: Brazil | M41: Manaus
A42: Emp-41 | B42: Sr. Business Partner | C42: Human Resources | D42: Speciality Products | E42: Male | F42: 30 | G42: 25-35 | H42: 42884 | I42: 86317 | J42: 0 | K42: 0 | L42: China | M42: Chengdu | N42: 42932
A43: Emp-42 | B43: Manager | C43: Marketing | D43: Speciality Products | E43: Female | F43: 53 | G43: 45-55 | H43: 41601 | I43: 113135 | J43: 0.05 | K43: 5656.75 | L43: United States | M43: Austin
A44: Emp-43 | B44: Vice President | C44: IT | D44: Speciality Products | E44: Male | F44: 52 | G44: 45-55 | H44: 38664 | I44: 199808 | J44: 0.32 | K44: 63938.56 | L44: United States | M44: Seattle
A45: Emp-44 | B45: Account Representative | C45: Sales | D45: Speciality Products | E45: Male | F45: 37 | G45: 35-45 | H45: 41592 | I45: 56037 | J45: 0 | K45: 0 | L45: China | M45: Shanghai
A46: Emp-45 | B46: Sr. Manger | C46: Marketing | D46: Research & Development | E46: Female | F46: 29 | G46: 25-35 | H46: 43609 | I46: 122350 | J46: 0.12 | K46: 14682 | L46: United States | M46: Phoenix
A47: Emp-46 | B47: Enterprise Architect | C47: IT | D47: Research & Development | E47: Male | F47: 40 | G47: 35-45 | H47: 40486 | I47: 92952 | J47: 0 | K47: 0 | L47: United States | M47: Seattle
A48: Emp-47 | B48: Computer Systems Manager | C48: IT | D48: Corporate | E48: Male | F48: 32 | G48: 25-35 | H48: 41353 | I48: 79921 | J48: 0.05 | K48: 3996.05 | L48: United States | M48: Austin
A49: Emp-48 | B49: Director | C49: IT | D49: Research & Development | E49: Female | F49: 37 | G49: 35-45 | H49: 40076 | I49: 167199 | J49: 0.2 | K49: 33439.8 | L49: United States | M49: Seattle
A50: Emp-49 | B50: Quality Engineer | C50: Engineering | D50: Research & Development | E50: Male | F50: 52 | G50: 45-55 | H50: 41199 | I50: 71476 | J50: 0 | K50: 0 | L50: United States | M50: Phoenix
A51: Emp-50 | B51: Director | C51: Engineering | D51: Manufacturing | E51: Female | F51: 45 | G51: 45-55 | H51: 41941 | I51: 189420 | J51: 0.2 | K51: 37884 | L51: United States | M51: Seattle
A52: Emp-51 | B52: HRIS Analyst | C52: Human Resources | D52: Research & Development | E52: Female | F52: 64 | G52: 55-65 | H52: 37184 | I52: 64057 | J52: 0 | K52: 0 | L52: United States | M52: Phoenix
A53: Emp-52 | B53: Analyst II | C53: Marketing | D53: Manufacturing | E53: Female | F53: 27 | G53: 25-35 | H53: 44460 | I53: 68728 | J53: 0 | K53: 0 | L53: United States | M53: Phoenix
A54: Emp-53 | B54: Sr. Manger | C54: IT | D54: Manufacturing | E54: Female | F54: 25 | G54: 25-35 | H54: 44379 | I54: 125633 | J54: 0.11 | K54: 13819.63 | L54: China | M54: Beijing
... A62: Emp-61 | B62: Sr. Manger | C62: IT | D62: Corporate | E62: Female | F62: 55 | G62: 55-65 | H62: 38945 | I62: 159044 | J62: 0.1 | K62: 15904.4 | L62: Brazil | M62: Manaus
A63: Emp-62 | B63: Sr. Analyst | C63: Accounting | D63: Manufacturing | E63: Female | F63: 44 | G63: 35-45 | H63: 43467 | I63: 74691 | J63: 0 | K63: 0 | L63: Brazil | M63: Manaus | N63: 44020
A64: Emp-63 | B64: Engineering Manager | C64: Engineering | D64: Corporate | E64: Female | F64: 44 | G64: 35-45 | H64: 39800 | I64: 92753 | J64: 0.13 | K64: 12057.89 | L64: United States | M64: Austin | N64: 44371
A65: Emp-64 | B65: Vice President | C65: Human Resources | D65: Speciality Products | E65: Male | F65: 45 | G65: 45-55 | H65: 41493 | I65: 236946 | J65: 0.37 | K65: 87670.02 | L65: United States | M65: Seattle
A66: Emp-65 | B66: Analyst | C66: Finance | D66: Corporate | E66: Female | F66: 36 | G66: 35-45 | H66: 44435 | I66: 48906 | J66: 0 | K66: 0 | L66: United States | M66: Miami
A67: Emp-66 | B67: Sr. Analyst | C67: Sales | D67: Corporate | E67: Female | F67: 38 | G67: 35-45 | H67: 39474 | I67: 80024 | J67: 0 | K67: 0 | L67: United States | M67: Columbus
A68: Emp-67 | B68: HRIS Analyst | C68: Human Resources | D68: Speciality Products | E68: Female | F68: 41 | G68: 35-45 | H68: 40109 | I68: 54415 | J68: 0 | K68: 0 | L68: United States | M68: Seattle | N68: 41661
A69: Emp-68 | B69: Manager | C69: Marketing | D69: Research & Development | E69: Female | F69: 30 | G69: 25-35 | H69: 42484 | I69: 120341 | J69: 0.07 | K69: 8423.87 | L69: United States | M69: Seattle
A70: Emp-69 | B70: Vice President | C70: IT | D70: Speciality Products | E70: Female | F70: 43 | G70: 35-45 | H70: 40029 | I70: 208415 | J70: 0.35 | K70: 72945.25 | L70: United States | M70: Seattle
A71: Emp-70 | B71: Cloud Infrastructure Architect | C71: IT | D71: Speciality Products | E71: Female | F71: 32 | G71: 25-35 | H71: 43835 | I71: 78844 | J71: 0 | K71: 0 | L71: United States | M71: Seattle
A72: Emp-71 | B72: Field Engineer | C72: Engineering | D72: Manufacturing | E72: Male | F72: 58 | G72: 55-65 | H72: 37399 | I72: 76354 | J72: 0 | K72: 0 | L72: United States | M72: Phoenix | N72: 44465
A73: Emp-72 | B73: Director | C73: Finance | D73: Speciality Products | E73: Female | F73: 37 | G73: 35-45 | H73: 43493 | I73: 165927 | J73: 0.2 | K73: 33185.4 | L73: United States | M73: Phoenix
A74: Emp-73 | B74: Manager | C74: Accounting | D74: Speciality Products | E74: Female | F74: 38 | G74: 35-45 | H74: 44516 | I74: 109812 | J74: 0.09 | K74: 9883.08 | L74: Brazil | M74: Manaus
A75: Emp-74 | B75: Controls Engineer | C75: Engineering | D75: Corporate | E75: Male | F75: 55 | G75: 55-65 | H75: 36041 | I75: 86299 | J75: 0 | K75: 0 | L75: United States | M75: Seattle
A76: Emp-75 | B76: Vice President | C76: Marketing | D76: Research & Development | E76: Male | F76: 57 | G76: 55-65 | H76: 37828 | I76: 206624 | J76: 0.4 | K76: 82649.6 | L76: Brazil | M76: Sao Paulo
A77: Emp-76 | B77: IT Coordinator | C77: IT | D77: Manufacturing | E77: Male | F77: 36 | G77: 35-45 | H77: 40535 | I77: 53215 | J77: 0 | K77: 0 | L77: Brazil | M77: Sao Paulo | N77: 41725
A78: Emp-77 | B78: Test Engineer | C78: Engineering | D78: Research & Development | E78: Female | F78: 30 | G78: 25-35 | H78: 42877 | I78: 86858 | J78: 0 | K78: 0 | L78: China | M78: Chongqing | N78: 43016
A79: Emp-78 | B79: Computer Systems Manager | C79: IT | D79: Manufacturing | E79: Male | F79: 40 | G79: 35-45 | H79: 39265 | I79: 93971 | J79: 0.08 | K79: 7517.68 | L79: China | M79: Chongqing
A80: Emp-79 | B80: Analyst II | C80: Finance | D80: Corporate | E80: Male | F80: 34 | G80: 25-35 | H80: 42182 | I80: 57008 | J80: 0 | K80: 0 | L80: United States | M80: Phoenix
A81: Emp-80 | B81: Sr. Manger | C81: Finance | D81: Manufacturing | E81: Male | F81: 60 | G81: 55-65 | H81: 42270 | I81: 141899 | J81: 0.15 | K81: 21284.85 | L81: United States | M81: Phoenix
A82: Emp-81 | B82: Analyst II | C82: Marketing | D82: Corporate | E82: Male | F82: 41 | G82: 35-45 | H82: 42626 | I82: 64847 | J82: 0 | K82: 0 | L82: United States | M82: Miami
A83: Emp-82 | B83: Engineering Manager | C83: Engineering | D83: Research & Development | E83: Male | F83: 53 | G83: 45-55 | H83: 33702 | I83: 116878 | J83: 0.11 | K83: 12856.58 | L83: United States | M83: Miami
A84: Emp-83 | B84: Quality Engineer | C84: Engineering | D84: Speciality Products | E84: Male | F84: 45 | G84: 45-55 | H84: 38388 | I84: 70505 | J84: 0 | K84: 0 | L84: United States | M84: Austin
A85: Emp-84 | B85: Director | C85: Engineering | D85: Research & Development | E85: Female | F85: 30 | G85: 25-35 | H85: 42512 | I85: 189702 | J85: 0.28 | K85: 53116.56 | L85: Brazil | M85: Manaus | N85: 44186
A86: Emp-85 | B86: Director | C86: Accounting | D86: Speciality Products | E86: Male | F86: 26 | G86: 25-35 | H86: 44040 | I86: 180664 | J86: 0.27 | K86: 48779.28 | L86: United States | M86: Chicago
A87: Emp-86 | B87: Business Partner | C87: Human Resources | D87: Manufacturing | E87: Female | F87: 45 | G87: 45-55 | H87: 37972 | I87: 48345 | J87: 0 | K87: 0 | L87: China | M87: Chengdu
A88: Emp-87 | B88: Director | C88: Human Resources | D88: Manufacturing | E88: Male | F88: 42 | G88: 35-45 | H88: 41655 | I88: 152214 | J88: 0.3 | K88: 45664.2 | L88: China | M88: Beijing
A89: Emp-88 | B89: Cloud Infrastructure Architect | C89: IT | D89: Corporate | E89: Female | F89: 41 | G89: 35-45 | H89: 39931 | I89: 69803 | J89: 0 | K89: 0 | L89: Brazil | M89: Manaus
A90: Emp-89 | B90: Network Architect | C90: IT | D90: Corporate | E90: Female | F90: 48 | G90: 45-55 | H90: 43650 | I90: 76588 | J90: 0 | K90: 0 | L90: Brazil | M90: Rio de Janerio
A91: Emp-90 | B91: Network Engineer | C91: IT | D91: Manufacturing | E91: Male | F91: 29 | G91: 25-35 | H91: 43444 | I91: 84596 | J91: 0 | K91: 0 | L91: United States | M91: Miami
A92: Emp-91 | B92: Manager | C92: Marketing | D92: Research & Development | E92: Male | F92: 27 | G92: 25-35 | H92: 43368 | I92: 114441 | J92: 0.1 | K92: 11444.1 | L92: China | M92: Chongqing | N92: 43821
A93: Emp-92 | B93: Sr. Manger | C93: Finance | D93: Speciality Products | E93: Female | F93: 33 | G93: 25-35 | H93: 43211 | I93: 140402 | J93: 0.15 | K93: 21060.3 | L93: China | M93: Beijing
A94: Emp-93 | B94: Analyst II | C94: Finance | D94: Corporate | E94: Female | F94: 26 | G94: 25-35 | H94: 43578 | I94: 59817 | J94: 0 | K94: 0 | L94: Brazil | M94: Sao Paulo
A95: Emp-94 | B95: Account Representative | C95: Sales | D95: Manufacturing | E95: Male | F95: 31 | G95: 25-35 | H95: 42938 | I95: 55854 | J95: 0 | K95: 0 | L95: United States | M95: Austin
A96: Emp-95 | B96: Sr. Business Partner | C96: Human Resources | D96: Research & Development | E96: Male | F96: 53 | G96: 45-55 | H96: 37576 | I96: 95998 | J96: 0 | K96: 0 | L96: United States | M96: Seattle
A97: Emp-96 | B97: Sr. Manger | C97: Sales | D97: Manufacturing | E97: Female | F97: 34 | G97: 25-35 | H97: 42116 | I97: 154941 | J97: 0.13 | K97: 20142.33 | L97: United States | M97: Phoenix
A98: Emp-97 | B98: Vice President | C98: Finance | D98: Speciality Products | E98: Female | F98: 54 | G98: 45-55 | H98: 40734 | I98: 247022 | J98: 0.3 | K98: 74106.6 | L98: China | M98: Beijing
A99: Emp-98 | B99: Network Architect | C99: IT | D99: Manufacturing | E99: Female | F99: 32 | G99: 25-35 | H99: 44474 | I99: 88072 | J99: 0 | K99: 0 | L99: Brazil | M99: Sao Paulo
A100: Emp-99 | B100: Computer Systems Manager | C100: IT | D100: Research & Development | E100: Male | F100: 28 | G100: 25-35 | H100: 43977 | I100: 67925 | J100: 0.08 | K100: 5434 | L100: China | M100: Shanghai
A101: Emp-100 | B101: Vice President | C101: Sales | D101: Manufacturing | E101: Female | F101: 31 | G101: 25-35 | H101: 44063 | I101: 219693 | J101: 0.3 | K101: 65907.9 | L101: United States | M101: Austin
A102: Emp-101 | B102: Test Engineer | C102: Engineering | D102: Research & Development | E102: Female | F102: 45 | G102: 45-55 | H102: 41386 | I102: 61773 | J102: 0 | K102: 0 | L102: United States | M102: Seattle
A103: Emp-102 | B103: Computer Systems Manager | C103: IT | D103: Speciality Products | E103: Female | F103: 48 | G103: 45-55 | H103: 39091 | I103: 74546 | J103: 0.09 | K103: 6709.14 | L103: United States | M103: Seattle
A104: Emp-103 | B104: Development Engineer | C104: Engineering | D104: Speciality Products | E104: Male | F104: 56 | G104: 55-65 | H104: 42031 | I104: 62575 | J104: 0 | K104: 0 | L104: United States | M104: Miami
A105: Emp-104 | B105: Director | C105: Human Resources | D105: Corporate | E105: Female | F105: 27 | G105: 25-35 | H105: 44250 | I105: 199041 | J105: 0.16 | K105: 31846.56 | L105: China | M105: Beijing
A106: Emp-105 | B106: Analyst II | C106: Accounting | D106: Speciality Products | E106: Male | F106: 55 | G106: 55-65 | H106: 39177 | I106: 52310 | J106: 0 | K106: 0 | L106: United States | M106: Miami | N106: 43385
A107: Emp-106 | B107: Sr. Manger | C107: Finance | D107: Speciality Products | E107: Male | F107: 64 | G107: 55-65 | H107: 41454 | I107: 159571 | J107: 0.1 | K107: 15957.1 | L107: United States | M107: Columbus
A108: Emp-107 | B108: Field Engineer | C108: Engineering | D108: Research & Development | E108: Female | F108: 50 | G108: 45-55 | H108: 35726 | I108: 91763 | J108: 0 | K108: 0 | L108: United States | M108: Austin
A109: Emp-108 | B109: Development Engineer | C109: Engineering | D109: Corporate | E109: Female | F109: 51 | G109: 45-55 | H109: 35055 | I109: 96475 | J109: 0 | K109: 0 | L109: United States | M109: Austin
A110: Emp-109 | B110: Controls Engineer | C110: Engineering | D110: Manufacturing | E110: Male | F110: 36 | G110: 35-45 | H110: 42706 | I110: 113781 | J110: 0 | K110: 0 | L110: United States | M110: Columbus
A111: Emp-110 | B111: Director | C111: Finance | D111: Research & Development | E111: Male | F111: 42 | G111: 35-45 | H111: 37636 | I111: 166599 | J111: 0.26 | K111: 43315.74 | L111: United States | M111: Seattle
A112: Emp-111 | B112: Sr. Account Representative | C112: Sales | D112: Corporate | E112: Female | F112: 41 | G112: 35-45 | H112: 38398 | I112: 95372 | J112: 0 | K112: 0 | L112: China | M112: Shanghai
A113: Emp-112 | B113: Director | C113: IT | D113: Research & Development | E113: Female | F113: 29 | G113: 25-35 | H113: 44052 | I113: 161203 | J113: 0.15 | K113: 24180.45 | L113: China | M113: Chengdu
A114: Emp-113 | B114: System Administrator | C114: IT | D114: Manufacturing | E114: Female | F114: 44 | G114: 35-45 | H114: 39064 | I114: 74738 | J114: 0 | K114: 0 | L114: United States | M114: Miami
A115: Emp-114 | B115: Director | C115: Sales | D115: Research & Development | E115: Female | F115: 41 | G115: 35-45 | H115: 43322 | I115: 171173 | J115: 0.21 | K115: 35946.33 | L115: United States | M115: Columbus
A116: Emp-115 | B116: Vice President | C116: Sales | D116: Corporate | E116: Male | F116: 61 | G116: 55-65 | H116: 43732 | I116: 201464 | J116: 0.37 | K116: 74541.68 | L116: United States | M116: Chicago
A117: Emp-116 | B117: Director | C117: Human Resources | D117: Corporate | E117: Male | F117: 50 | G117: 45-55 | H117: 35998 | I117: 174895 | J117: 0.15 | K117: 26234.25 | L117: United States | M117: Chicago
A118: Emp-117 | B118: Sr. Manger | C118: IT | D118: Manufacturing | E118: Female | F118: 49 | G118: 45-55 | H118: 38825 | I118: 134486 | J118: 0.14 | K118: 18828.04 | L118: United States | M118: Austin
... A131: Emp-130 | B131: Vice President | C131: Finance | D131: Corporate | E131: Female | F131: 37 | G131: 35-45 | H131: 40883 | I131: 225558 | J131: 0.33 | K131: 74434.14 | L131: China | M131: Shanghai
...

Sheet KPI PIVOTABLE EMP1
A1: Count of EMP ID.1 | C1: Row Labels | E1: deparmet
A2: 1000 | C2: Accounting | E2: =COUNTA(C2:C14)-1 -> 7 | H2: Row Labels | I2: country | N2: Row Labels | O2: Count of EMP ID.1
C3: Engineering | H3: Brazil | I3: =COUNTA(H3:H8)-1 -> 3 | N3: 25-35 | O3: 245
C4: Finance | F4: salary | H4: China | N4: 35-45 | O4: 227
C5: Human Resources | E5: Row Labels | F5: =AVERAGE(E6:E1000)-1 -> 113264.97 | H5: United States | N5: 45-55 | O5: 296
C6: IT | E6: 40316 | H6: Grand Total | N6: 55-65 | O6: 217
C7: Marketing | E7: 40752 | K7: dep emp id | N7: 65-75 | O7: 15
C8: Sales | E8: 40897 | K8: Row Labels | L8: Count of EMP ID.1 | N8: Grand Total | O8: 1000
C9: Grand Total | E9: 41336 | H9: salary by dep | K9: Accounting | L9: 96
E10: 41429 | H10: Row Labels | I10: Sum of Annual Salary | K10: Engineering | L10: 158
E11: 41545 | H11: Accounting | I11: 11822107 | K11: Finance | L11: 120
E12: 41561 | H12: Engineering | I12: 17227563 | K12: Human Resources | L12: 125
E13: 41673 | H13: Finance | I13: 14736347 | K13: IT | L13: 241 | N13: country emp
E14: 41728 | H14: Human Resources | I14: 14757305 | K14: Marketing | L14: 120 | N14: Row Labels | O14: Count of EMP ID.1
E15: 41844 | H15: IT | I15: 23567499 | K15: Sales | L15: 140 | N15: Brazil | O15: 139
E16: 41859 | H16: Marketing | I16: 15559564 | K16: Grand Total | L16: 1000 | N16: China | O16: 218
E17: 43001 | H17: Sales | I17: 15546980 | N17: United States | O17: 643
E18: 43080 | H18: Grand Total | I18: 113217365 | K18: age wise emp id | N18: Grand Total | O18: 1000
E19: 43336 | K19: Row Labels | L19: Count of EMP ID.1
E20: 43363 | K20: Female | L20: 518
E21: 43391 | K21: Male | L21: 482
E22: 44614 | K22: Grand Total | L22: 1000
E23: 44732
E24: 44735
E25: 45049
E26: 45061
E27: 45206
E28: 45286 | O28: Row Labels | P28: Count of EMP ID.1
E29: 45295 | O29: Account Representative | P29: 21
E30: 45369 | O30: Analyst | P30: 51
E31: 45819 | O31: Analyst II | P31: 53
E32: 46081 | O32: Automation Engineer | P32: 7
E33: 46727 | O33: Business Partner | P33: 19
E34: 46833 | O34: Cloud Infrastructure Architect | P34: 15
E35: 46845 | O35: Computer Systems Manager | P35: 21
E36: 46878 | O36: Controls Engineer | P36: 15
E37: 47032 | O37: Development Engineer | P37: 19
E38: 47071 | O38: Director | P38: 121
E39: 47387 | O39: Engineering Manager | P39: 20
E40: 47913 | O40: Enterprise Architect | P40: 18
... E62: 50733 | O62: Grand Total | P62: 1000
E63: 50784
E64: 50809
E65: 50825
E66: 50857
E67: 50883
E68: 50994
E69: 51234
E70: 51404
E71: 51513
E72: 51630
E73: 51877
E74: 51983
... E999: 258498
E1000: Grand Total

Sheet Dashboard EPM
A1: TOTAL EMP | E1: TOTAL DEPARTMENT | H1: EMP DATA REPORT | O1: TOTAL COUNTRY | S1: AVG SALAY
A2: ='KPI PIVOTABLE EMP1'!$A$2 -> 1000 | E2: ='KPI PIVOTABLE EMP1'!$E$2 -> 7 | O2: ='KPI PIVOTABLE EMP1'!$I$3 -> 3 | S2: ='KPI PIVOTABLE EMP1'!$F$5 -> 113264.97
